Num,Time
1,1489954130.149577
2,1489954137.713005
3,1489954146.683189
4,1489954153.193016
5,1489954162.208042
6,1489954202.156716
7,NA
8,NA
9,NA
10,NA
